district,rmse,r_squared,coefficients,intercept,final_alpha,final_l1_ratio,differencing,alphas_tried,l1_ratios_tried
AHMEDNAGAR,86.45982715703254,0.2577822125799729,"[0.5148117529183115, -0.03055428922055646, 0.011868209048914263]",236.14444054133628,10.0,1.0,0,"[0.001, 0.0013738237958832624, 0.0018873918221350976, 0.002592943797404667, 0.003562247890262444, 0.004893900918477494, 0.006723357536499335, 0.009236708571873866, 0.01268961003167922, 0.017433288221999882, 0.02395026619987486, 0.03290344562312668, 0.04520353656360243, 0.06210169418915616, 0.08531678524172806, 0.11721022975334805, 0.16102620275609392, 0.2212216291070448, 0.3039195382313198, 0.41753189365604004, 0.5736152510448681, 0.7880462815669912, 1.0826367338740541, 1.4873521072935119, 2.0433597178569416, 2.8072162039411754, 3.856620421163472, 5.298316906283707, 7.278953843983146, 10.0]","[0.1, 0.3, 0.5, 0.7, 0.9, 1]"
AKOLA,62.99544038545724,0.019070560884965282,"[0.09848947502083806, -0.03088546568286424, -0.08585590730189153]",460.81875857942606,10.0,1.0,0,"[0.001, 0.0013738237958832624, 0.0018873918221350976, 0.002592943797404667, 0.003562247890262444, 0.004893900918477494, 0.006723357536499335, 0.009236708571873866, 0.01268961003167922, 0.017433288221999882, 0.02395026619987486, 0.03290344562312668, 0.04520353656360243, 0.06210169418915616, 0.08531678524172806, 0.11721022975334805, 0.16102620275609392, 0.2212216291070448, 0.3039195382313198, 0.41753189365604004, 0.5736152510448681, 0.7880462815669912, 1.0826367338740541, 1.4873521072935119, 2.0433597178569416, 2.8072162039411754, 3.856620421163472, 5.298316906283707, 7.278953843983146, 10.0]","[0.1, 0.3, 0.5, 0.7, 0.9, 1]"
AMRAVATI,435.6001091173676,0.25941501488772134,"[-0.5142436232143524, -0.0016930292388756684, 0.01889046465789941]",-15.854022133040651,10.0,1.0,1,"[0.001, 0.0013738237958832624, 0.0018873918221350976, 0.002592943797404667, 0.003562247890262444, 0.004893900918477494, 0.006723357536499335, 0.009236708571873866, 0.01268961003167922, 0.017433288221999882, 0.02395026619987486, 0.03290344562312668, 0.04520353656360243, 0.06210169418915616, 0.08531678524172806, 0.11721022975334805, 0.16102620275609392, 0.2212216291070448, 0.3039195382313198, 0.41753189365604004, 0.5736152510448681, 0.7880462815669912, 1.0826367338740541, 1.4873521072935119, 2.0433597178569416, 2.8072162039411754, 3.856620421163472, 5.298316906283707, 7.278953843983146, 10.0]","[0.1, 0.3, 0.5, 0.7, 0.9, 1]"
AURANGABAD,330.85654339156935,0.00841380138614567,"[-0.08330238565780378, 0.016013529790181318, -0.023260133045695193]",-7.844248322175428,10.0,1.0,1,"[0.001, 0.0013738237958832624, 0.0018873918221350976, 0.002592943797404667, 0.003562247890262444, 0.004893900918477494, 0.006723357536499335, 0.009236708571873866, 0.01268961003167922, 0.017433288221999882, 0.02395026619987486, 0.03290344562312668, 0.04520353656360243, 0.06210169418915616, 0.08531678524172806, 0.11721022975334805, 0.16102620275609392, 0.2212216291070448, 0.3039195382313198, 0.41753189365604004, 0.5736152510448681, 0.7880462815669912, 1.0826367338740541, 1.4873521072935119, 2.0433597178569416, 2.8072162039411754, 3.856620421163472, 5.298316906283707, 7.278953843983146, 10.0]","[0.1, 0.3, 0.5, 0.7, 0.9, 1]"
BEED,71.46478851052126,0.11831493681890659,"[0.26895627974523184, 0.025423089207085876, 0.16262449986280503]",205.98276676183437,10.0,1.0,0,"[0.001, 0.0013738237958832624, 0.0018873918221350976, 0.002592943797404667, 0.003562247890262444, 0.004893900918477494, 0.006723357536499335, 0.009236708571873866, 0.01268961003167922, 0.017433288221999882, 0.02395026619987486, 0.03290344562312668, 0.04520353656360243, 0.06210169418915616, 0.08531678524172806, 0.11721022975334805, 0.16102620275609392, 0.2212216291070448, 0.3039195382313198, 0.41753189365604004, 0.5736152510448681, 0.7880462815669912, 1.0826367338740541, 1.4873521072935119, 2.0433597178569416, 2.8072162039411754, 3.856620421163472, 5.298316906283707, 7.278953843983146, 10.0]","[0.1, 0.3, 0.5, 0.7, 0.9, 1]"
BHANDARA,55.43778091605884,0.4115469849436897,"[0.7138620087445163, -0.10725500574082758, -0.10584375067000044]",148.18332851409366,10.0,0.1,0,"[0.001, 0.0013738237958832624, 0.0018873918221350976, 0.002592943797404667, 0.003562247890262444, 0.004893900918477494, 0.006723357536499335, 0.009236708571873866, 0.01268961003167922, 0.017433288221999882, 0.02395026619987486, 0.03290344562312668, 0.04520353656360243, 0.06210169418915616, 0.08531678524172806, 0.11721022975334805, 0.16102620275609392, 0.2212216291070448, 0.3039195382313198, 0.41753189365604004, 0.5736152510448681, 0.7880462815669912, 1.0826367338740541, 1.4873521072935119, 2.0433597178569416, 2.8072162039411754, 3.856620421163472, 5.298316906283707, 7.278953843983146, 10.0]","[0.1, 0.3, 0.5, 0.7, 0.9, 1]"
BULDHANA,43.75349239670392,0.39818160682657366,"[0.41974389808680834, 0.37126756551983126, -0.47848987670729565]",158.65866637692636,10.0,0.1,0,"[0.001, 0.0013738237958832624, 0.0018873918221350976, 0.002592943797404667, 0.003562247890262444, 0.004893900918477494, 0.006723357536499335, 0.009236708571873866, 0.01268961003167922, 0.017433288221999882, 0.02395026619987486, 0.03290344562312668, 0.04520353656360243, 0.06210169418915616, 0.08531678524172806, 0.11721022975334805, 0.16102620275609392, 0.2212216291070448, 0.3039195382313198, 0.41753189365604004, 0.5736152510448681, 0.7880462815669912, 1.0826367338740541, 1.4873521072935119, 2.0433597178569416, 2.8072162039411754, 3.856620421163472, 5.298316906283707, 7.278953843983146, 10.0]","[0.1, 0.3, 0.5, 0.7, 0.9, 1]"
CHANDRAPUR,220.91114777038135,0.029448214011525975,"[-0.11767387116872466, -0.04129523332037502, -0.0747663419515682]",-4.077747341299913,10.0,1.0,1,"[0.001, 0.0013738237958832624, 0.0018873918221350976, 0.002592943797404667, 0.003562247890262444, 0.004893900918477494, 0.006723357536499335, 0.009236708571873866, 0.01268961003167922, 0.017433288221999882, 0.02395026619987486, 0.03290344562312668, 0.04520353656360243, 0.06210169418915616, 0.08531678524172806, 0.11721022975334805, 0.16102620275609392, 0.2212216291070448, 0.3039195382313198, 0.41753189365604004, 0.5736152510448681, 0.7880462815669912, 1.0826367338740541, 1.4873521072935119, 2.0433597178569416, 2.8072162039411754, 3.856620421163472, 5.298316906283707, 7.278953843983146, 10.0]","[0.1, 0.3, 0.5, 0.7, 0.9, 1]"
DHULE,108.18315201643452,0.2213695819529412,"[0.5100155458407554, -0.09549626569251136, -0.028532418698351165]",226.06983979405382,10.0,1.0,0,"[0.001, 0.0013738237958832624, 0.0018873918221350976, 0.002592943797404667, 0.003562247890262444, 0.004893900918477494, 0.006723357536499335, 0.009236708571873866, 0.01268961003167922, 0.017433288221999882, 0.02395026619987486, 0.03290344562312668, 0.04520353656360243, 0.06210169418915616, 0.08531678524172806, 0.11721022975334805, 0.16102620275609392, 0.2212216291070448, 0.3039195382313198, 0.41753189365604004, 0.5736152510448681, 0.7880462815669912, 1.0826367338740541, 1.4873521072935119, 2.0433597178569416, 2.8072162039411754, 3.856620421163472, 5.298316906283707, 7.278953843983146, 10.0]","[0.1, 0.3, 0.5, 0.7, 0.9, 1]"
GADCHIROLI,86.67129797607917,0.0155418008850009,"[0.10230635660812439, 0.054398226116162685, -0.022993105091163053]",-0.09330081098552025,10.0,1.0,1,"[0.001, 0.0013738237958832624, 0.0018873918221350976, 0.002592943797404667, 0.003562247890262444, 0.004893900918477494, 0.006723357536499335, 0.009236708571873866, 0.01268961003167922, 0.017433288221999882, 0.02395026619987486, 0.03290344562312668, 0.04520353656360243, 0.06210169418915616, 0.08531678524172806, 0.11721022975334805, 0.16102620275609392, 0.2212216291070448, 0.3039195382313198, 0.41753189365604004, 0.5736152510448681, 0.7880462815669912, 1.0826367338740541, 1.4873521072935119, 2.0433597178569416, 2.8072162039411754, 3.856620421163472, 5.298316906283707, 7.278953843983146, 10.0]","[0.1, 0.3, 0.5, 0.7, 0.9, 1]"
GONDIA,158.2716432907972,0.23765612174906225,"[-0.5442985015444375, -0.2519463833185744, -0.07296887522472999]",-1.0606417344855712,10.0,1.0,1,"[0.001, 0.0013738237958832624, 0.0018873918221350976, 0.002592943797404667, 0.003562247890262444, 0.004893900918477494, 0.006723357536499335, 0.009236708571873866, 0.01268961003167922, 0.017433288221999882, 0.02395026619987486, 0.03290344562312668, 0.04520353656360243, 0.06210169418915616, 0.08531678524172806, 0.11721022975334805, 0.16102620275609392, 0.2212216291070448, 0.3039195382313198, 0.41753189365604004, 0.5736152510448681, 0.7880462815669912, 1.0826367338740541, 1.4873521072935119, 2.0433597178569416, 2.8072162039411754, 3.856620421163472, 5.298316906283707, 7.278953843983146, 10.0]","[0.1, 0.3, 0.5, 0.7, 0.9, 1]"
HINGOLI,91.08110829961959,0.29788244178434764,"[0.6091355421682177, -0.37157056098225244, 0.20249619426710072]",94.76643620423728,10.0,0.1,0,"[0.001, 0.0013738237958832624, 0.0018873918221350976, 0.002592943797404667, 0.003562247890262444, 0.004893900918477494, 0.006723357536499335, 0.009236708571873866, 0.01268961003167922, 0.017433288221999882, 0.02395026619987486, 0.03290344562312668, 0.04520353656360243, 0.06210169418915616, 0.08531678524172806, 0.11721022975334805, 0.16102620275609392, 0.2212216291070448, 0.3039195382313198, 0.41753189365604004, 0.5736152510448681, 0.7880462815669912, 1.0826367338740541, 1.4873521072935119, 2.0433597178569416, 2.8072162039411754, 3.856620421163472, 5.298316906283707, 7.278953843983146, 10.0]","[0.1, 0.3, 0.5, 0.7, 0.9, 1]"
JALGAON,117.65681132961011,0.299142100631988,"[0.2623941009448983, 0.3655415375022215, 0.016562018564053288]",110.10016704177605,10.0,0.1,0,"[0.001, 0.0013738237958832624, 0.0018873918221350976, 0.002592943797404667, 0.003562247890262444, 0.004893900918477494, 0.006723357536499335, 0.009236708571873866, 0.01268961003167922, 0.017433288221999882, 0.02395026619987486, 0.03290344562312668, 0.04520353656360243, 0.06210169418915616, 0.08531678524172806, 0.11721022975334805, 0.16102620275609392, 0.2212216291070448, 0.3039195382313198, 0.41753189365604004, 0.5736152510448681, 0.7880462815669912, 1.0826367338740541, 1.4873521072935119, 2.0433597178569416, 2.8072162039411754, 3.856620421163472, 5.298316906283707, 7.278953843983146, 10.0]","[0.1, 0.3, 0.5, 0.7, 0.9, 1]"
JALNA,49.275592253310165,0.12286800256983788,"[0.2558090204833493, 0.018129450452208346, 0.20152252538445062]",136.15416011925646,10.0,1.0,0,"[0.001, 0.0013738237958832624, 0.0018873918221350976, 0.002592943797404667, 0.003562247890262444, 0.004893900918477494, 0.006723357536499335, 0.009236708571873866, 0.01268961003167922, 0.017433288221999882, 0.02395026619987486, 0.03290344562312668, 0.04520353656360243, 0.06210169418915616, 0.08531678524172806, 0.11721022975334805, 0.16102620275609392, 0.2212216291070448, 0.3039195382313198, 0.41753189365604004, 0.5736152510448681, 0.7880462815669912, 1.0826367338740541, 1.4873521072935119, 2.0433597178569416, 2.8072162039411754, 3.856620421163472, 5.298316906283707, 7.278953843983146, 10.0]","[0.1, 0.3, 0.5, 0.7, 0.9, 1]"
KOLHAPUR,87.02507660729715,0.04106986800778256,"[0.13757081465780946, 0.11900639119071854, -0.04069982457386621]",296.40323536337905,10.0,1.0,0,"[0.001, 0.0013738237958832624, 0.0018873918221350976, 0.002592943797404667, 0.003562247890262444, 0.004893900918477494, 0.006723357536499335, 0.009236708571873866, 0.01268961003167922, 0.017433288221999882, 0.02395026619987486, 0.03290344562312668, 0.04520353656360243, 0.06210169418915616, 0.08531678524172806, 0.11721022975334805, 0.16102620275609392, 0.2212216291070448, 0.3039195382313198, 0.41753189365604004, 0.5736152510448681, 0.7880462815669912, 1.0826367338740541, 1.4873521072935119, 2.0433597178569416, 2.8072162039411754, 3.856620421163472, 5.298316906283707, 7.278953843983146, 10.0]","[0.1, 0.3, 0.5, 0.7, 0.9, 1]"
LATUR,111.96194867943746,0.13184323560419686,"[0.30868275672451706, -0.06433428150893246, 0.16754830806510299]",173.761511461959,10.0,1.0,0,"[0.001, 0.0013738237958832624, 0.0018873918221350976, 0.002592943797404667, 0.003562247890262444, 0.004893900918477494, 0.006723357536499335, 0.009236708571873866, 0.01268961003167922, 0.017433288221999882, 0.02395026619987486, 0.03290344562312668, 0.04520353656360243, 0.06210169418915616, 0.08531678524172806, 0.11721022975334805, 0.16102620275609392, 0.2212216291070448, 0.3039195382313198, 0.41753189365604004, 0.5736152510448681, 0.7880462815669912, 1.0826367338740541, 1.4873521072935119, 2.0433597178569416, 2.8072162039411754, 3.856620421163472, 5.298316906283707, 7.278953843983146, 10.0]","[0.1, 0.3, 0.5, 0.7, 0.9, 1]"
MUMBAI,223.79581411670293,0.03134140514807493,"[-0.0631408517390725, 0.14503804665729628, 0.12495135508846926]",-25.023271953040574,10.0,1.0,1,"[0.001, 0.0013738237958832624, 0.0018873918221350976, 0.002592943797404667, 0.003562247890262444, 0.004893900918477494, 0.006723357536499335, 0.009236708571873866, 0.01268961003167922, 0.017433288221999882, 0.02395026619987486, 0.03290344562312668, 0.04520353656360243, 0.06210169418915616, 0.08531678524172806, 0.11721022975334805, 0.16102620275609392, 0.2212216291070448, 0.3039195382313198, 0.41753189365604004, 0.5736152510448681, 0.7880462815669912, 1.0826367338740541, 1.4873521072935119, 2.0433597178569416, 2.8072162039411754, 3.856620421163472, 5.298316906283707, 7.278953843983146, 10.0]","[0.1, 0.3, 0.5, 0.7, 0.9, 1]"
NAGPUR,195.03091082209485,0.38190505126100505,"[0.5340518091949908, 0.250160669525585, -0.3166106966278289]",435.50447804493723,10.0,1.0,0,"[0.001, 0.0013738237958832624, 0.0018873918221350976, 0.002592943797404667, 0.003562247890262444, 0.004893900918477494, 0.006723357536499335, 0.009236708571873866, 0.01268961003167922, 0.017433288221999882, 0.02395026619987486, 0.03290344562312668, 0.04520353656360243, 0.06210169418915616, 0.08531678524172806, 0.11721022975334805, 0.16102620275609392, 0.2212216291070448, 0.3039195382313198, 0.41753189365604004, 0.5736152510448681, 0.7880462815669912, 1.0826367338740541, 1.4873521072935119, 2.0433597178569416, 2.8072162039411754, 3.856620421163472, 5.298316906283707, 7.278953843983146, 10.0]","[0.1, 0.3, 0.5, 0.7, 0.9, 1]"
NANDED,67.43016194152906,0.3806842956422445,"[0.5489776180621014, -0.0019480021397116892, -0.2924467596221502]",290.46898716725053,0.001,0.1,0,"[0.001, 0.0013738237958832624, 0.0018873918221350976, 0.002592943797404667, 0.003562247890262444, 0.004893900918477494, 0.006723357536499335, 0.009236708571873866, 0.01268961003167922, 0.017433288221999882, 0.02395026619987486, 0.03290344562312668, 0.04520353656360243, 0.06210169418915616, 0.08531678524172806, 0.11721022975334805, 0.16102620275609392, 0.2212216291070448, 0.3039195382313198, 0.41753189365604004, 0.5736152510448681, 0.7880462815669912, 1.0826367338740541, 1.4873521072935119, 2.0433597178569416, 2.8072162039411754, 3.856620421163472, 5.298316906283707, 7.278953843983146, 10.0]","[0.1, 0.3, 0.5, 0.7, 0.9, 1]"
NANDURBAR,55.49262495573109,0.48105535323208914,"[0.7290715866894066, 0.01923001824407524, -0.1745386197162673]",194.36455344588194,10.0,1.0,0,"[0.001, 0.0013738237958832624, 0.0018873918221350976, 0.002592943797404667, 0.003562247890262444, 0.004893900918477494, 0.006723357536499335, 0.009236708571873866, 0.01268961003167922, 0.017433288221999882, 0.02395026619987486, 0.03290344562312668, 0.04520353656360243, 0.06210169418915616, 0.08531678524172806, 0.11721022975334805, 0.16102620275609392, 0.2212216291070448, 0.3039195382313198, 0.41753189365604004, 0.5736152510448681, 0.7880462815669912, 1.0826367338740541, 1.4873521072935119, 2.0433597178569416, 2.8072162039411754, 3.856620421163472, 5.298316906283707, 7.278953843983146, 10.0]","[0.1, 0.3, 0.5, 0.7, 0.9, 1]"
NASHIK,84.95220510945042,0.3424260135987608,"[0.5951272244370557, 0.039136031696853806, -0.18620220030047405]",550.0105680217501,10.0,1.0,0,"[0.001, 0.0013738237958832624, 0.0018873918221350976, 0.002592943797404667, 0.003562247890262444, 0.004893900918477494, 0.006723357536499335, 0.009236708571873866, 0.01268961003167922, 0.017433288221999882, 0.02395026619987486, 0.03290344562312668, 0.04520353656360243, 0.06210169418915616, 0.08531678524172806, 0.11721022975334805, 0.16102620275609392, 0.2212216291070448, 0.3039195382313198, 0.41753189365604004, 0.5736152510448681, 0.7880462815669912, 1.0826367338740541, 1.4873521072935119, 2.0433597178569416, 2.8072162039411754, 3.856620421163472, 5.298316906283707, 7.278953843983146, 10.0]","[0.1, 0.3, 0.5, 0.7, 0.9, 1]"
OSMANABAD,37.256104879757466,0.10515736588680169,"[0.29561294462423476, -0.03352365382730148, -0.07672120922220368]",139.47299825639263,10.0,1.0,0,"[0.001, 0.0013738237958832624, 0.0018873918221350976, 0.002592943797404667, 0.003562247890262444, 0.004893900918477494, 0.006723357536499335, 0.009236708571873866, 0.01268961003167922, 0.017433288221999882, 0.02395026619987486, 0.03290344562312668, 0.04520353656360243, 0.06210169418915616, 0.08531678524172806, 0.11721022975334805, 0.16102620275609392, 0.2212216291070448, 0.3039195382313198, 0.41753189365604004, 0.5736152510448681, 0.7880462815669912, 1.0826367338740541, 1.4873521072935119, 2.0433597178569416, 2.8072162039411754, 3.856620421163472, 5.298316906283707, 7.278953843983146, 10.0]","[0.1, 0.3, 0.5, 0.7, 0.9, 1]"
PALGHAR,132.51401653588235,0.2572943568657652,"[0.2578858190144788, 0.3578520199454394, -0.022349432632073066]",320.03893932514666,10.0,0.1,0,"[0.001, 0.0013738237958832624, 0.0018873918221350976, 0.002592943797404667, 0.003562247890262444, 0.004893900918477494, 0.006723357536499335, 0.009236708571873866, 0.01268961003167922, 0.017433288221999882, 0.02395026619987486, 0.03290344562312668, 0.04520353656360243, 0.06210169418915616, 0.08531678524172806, 0.11721022975334805, 0.16102620275609392, 0.2212216291070448, 0.3039195382313198, 0.41753189365604004, 0.5736152510448681, 0.7880462815669912, 1.0826367338740541, 1.4873521072935119, 2.0433597178569416, 2.8072162039411754, 3.856620421163472, 5.298316906283707, 7.278953843983146, 10.0]","[0.1, 0.3, 0.5, 0.7, 0.9, 1]"
PARBHANI,66.76333343328362,0.47218599287578034,"[0.782473823264484, -0.26041982853031154, 0.09912949003409133]",75.19160258289575,10.0,0.1,0,"[0.001, 0.0013738237958832624, 0.0018873918221350976, 0.002592943797404667, 0.003562247890262444, 0.004893900918477494, 0.006723357536499335, 0.009236708571873866, 0.01268961003167922, 0.017433288221999882, 0.02395026619987486, 0.03290344562312668, 0.04520353656360243, 0.06210169418915616, 0.08531678524172806, 0.11721022975334805, 0.16102620275609392, 0.2212216291070448, 0.3039195382313198, 0.41753189365604004, 0.5736152510448681, 0.7880462815669912, 1.0826367338740541, 1.4873521072935119, 2.0433597178569416, 2.8072162039411754, 3.856620421163472, 5.298316906283707, 7.278953843983146, 10.0]","[0.1, 0.3, 0.5, 0.7, 0.9, 1]"
PUNE,400.3171571972606,0.20007473943603882,"[0.35719790608422664, 0.13137740087057986, -0.2540287913575441]",1412.9658555415292,10.0,1.0,0,"[0.001, 0.0013738237958832624, 0.0018873918221350976, 0.002592943797404667, 0.003562247890262444, 0.004893900918477494, 0.006723357536499335, 0.009236708571873866, 0.01268961003167922, 0.017433288221999882, 0.02395026619987486, 0.03290344562312668, 0.04520353656360243, 0.06210169418915616, 0.08531678524172806, 0.11721022975334805, 0.16102620275609392, 0.2212216291070448, 0.3039195382313198, 0.41753189365604004, 0.5736152510448681, 0.7880462815669912, 1.0826367338740541, 1.4873521072935119, 2.0433597178569416, 2.8072162039411754, 3.856620421163472, 5.298316906283707, 7.278953843983146, 10.0]","[0.1, 0.3, 0.5, 0.7, 0.9, 1]"
RAIGAD,67.76243588226183,0.2689607620714659,"[0.4300346523848418, 0.09231991988785308, -0.3379218154751784]",294.03238675730967,10.0,0.1,0,"[0.001, 0.0013738237958832624, 0.0018873918221350976, 0.002592943797404667, 0.003562247890262444, 0.004893900918477494, 0.006723357536499335, 0.009236708571873866, 0.01268961003167922, 0.017433288221999882, 0.02395026619987486, 0.03290344562312668, 0.04520353656360243, 0.06210169418915616, 0.08531678524172806, 0.11721022975334805, 0.16102620275609392, 0.2212216291070448, 0.3039195382313198, 0.41753189365604004, 0.5736152510448681, 0.7880462815669912, 1.0826367338740541, 1.4873521072935119, 2.0433597178569416, 2.8072162039411754, 3.856620421163472, 5.298316906283707, 7.278953843983146, 10.0]","[0.1, 0.3, 0.5, 0.7, 0.9, 1]"
RATNAGIRI,215.2345838514663,0.24216349649041213,"[-0.1826686277051783, -0.7350912598721017, -0.19444144431451385]",6.459426515296494,10.0,1.0,1,"[0.001, 0.0013738237958832624, 0.0018873918221350976, 0.002592943797404667, 0.003562247890262444, 0.004893900918477494, 0.006723357536499335, 0.009236708571873866, 0.01268961003167922, 0.017433288221999882, 0.02395026619987486, 0.03290344562312668, 0.04520353656360243, 0.06210169418915616, 0.08531678524172806, 0.11721022975334805, 0.16102620275609392, 0.2212216291070448, 0.3039195382313198, 0.41753189365604004, 0.5736152510448681, 0.7880462815669912, 1.0826367338740541, 1.4873521072935119, 2.0433597178569416, 2.8072162039411754, 3.856620421163472, 5.298316906283707, 7.278953843983146, 10.0]","[0.1, 0.3, 0.5, 0.7, 0.9, 1]"
SANGLI,77.78845809235936,0.39314843901709695,"[0.34182633714346583, 0.2362627407730417, 0.08119799773958616]",154.3613230635637,10.0,1.0,0,"[0.001, 0.0013738237958832624, 0.0018873918221350976, 0.002592943797404667, 0.003562247890262444, 0.004893900918477494, 0.006723357536499335, 0.009236708571873866, 0.01268961003167922, 0.017433288221999882, 0.02395026619987486, 0.03290344562312668, 0.04520353656360243, 0.06210169418915616, 0.08531678524172806, 0.11721022975334805, 0.16102620275609392, 0.2212216291070448, 0.3039195382313198, 0.41753189365604004, 0.5736152510448681, 0.7880462815669912, 1.0826367338740541, 1.4873521072935119, 2.0433597178569416, 2.8072162039411754, 3.856620421163472, 5.298316906283707, 7.278953843983146, 10.0]","[0.1, 0.3, 0.5, 0.7, 0.9, 1]"
SATARA,124.28623191859451,0.19939191986395455,"[0.4868416787409025, -0.30055782926552965, 0.16786942364841503]",293.88416702290255,10.0,0.1,0,"[0.001, 0.0013738237958832624, 0.0018873918221350976, 0.002592943797404667, 0.003562247890262444, 0.004893900918477494, 0.006723357536499335, 0.009236708571873866, 0.01268961003167922, 0.017433288221999882, 0.02395026619987486, 0.03290344562312668, 0.04520353656360243, 0.06210169418915616, 0.08531678524172806, 0.11721022975334805, 0.16102620275609392, 0.2212216291070448, 0.3039195382313198, 0.41753189365604004, 0.5736152510448681, 0.7880462815669912, 1.0826367338740541, 1.4873521072935119, 2.0433597178569416, 2.8072162039411754, 3.856620421163472, 5.298316906283707, 7.278953843983146, 10.0]","[0.1, 0.3, 0.5, 0.7, 0.9, 1]"
SINDHUDURG,21.071700786786398,0.04319255685639134,"[0.09861403982227071, 0.13845559108583652, -0.1064186019650558]",104.18698310024905,10.0,0.1,0,"[0.001, 0.0013738237958832624, 0.0018873918221350976, 0.002592943797404667, 0.003562247890262444, 0.004893900918477494, 0.006723357536499335, 0.009236708571873866, 0.01268961003167922, 0.017433288221999882, 0.02395026619987486, 0.03290344562312668, 0.04520353656360243, 0.06210169418915616, 0.08531678524172806, 0.11721022975334805, 0.16102620275609392, 0.2212216291070448, 0.3039195382313198, 0.41753189365604004, 0.5736152510448681, 0.7880462815669912, 1.0826367338740541, 1.4873521072935119, 2.0433597178569416, 2.8072162039411754, 3.856620421163472, 5.298316906283707, 7.278953843983146, 10.0]","[0.1, 0.3, 0.5, 0.7, 0.9, 1]"
SOLAPUR,98.23857388038137,0.36582202852220114,"[0.5690387237092099, 0.0359240590099289, 0.026997502112835258]",195.99595590905022,10.0,1.0,0,"[0.001, 0.0013738237958832624, 0.0018873918221350976, 0.002592943797404667, 0.003562247890262444, 0.004893900918477494, 0.006723357536499335, 0.009236708571873866, 0.01268961003167922, 0.017433288221999882, 0.02395026619987486, 0.03290344562312668, 0.04520353656360243, 0.06210169418915616, 0.08531678524172806, 0.11721022975334805, 0.16102620275609392, 0.2212216291070448, 0.3039195382313198, 0.41753189365604004, 0.5736152510448681, 0.7880462815669912, 1.0826367338740541, 1.4873521072935119, 2.0433597178569416, 2.8072162039411754, 3.856620421163472, 5.298316906283707, 7.278953843983146, 10.0]","[0.1, 0.3, 0.5, 0.7, 0.9, 1]"
THANE,242.09517349096356,0.058252604074763625,"[-0.10741997687451797, -0.2010814977064544, 0.04681914808617909]",-11.398511463663318,10.0,1.0,1,"[0.001, 0.0013738237958832624, 0.0018873918221350976, 0.002592943797404667, 0.003562247890262444, 0.004893900918477494, 0.006723357536499335, 0.009236708571873866, 0.01268961003167922, 0.017433288221999882, 0.02395026619987486, 0.03290344562312668, 0.04520353656360243, 0.06210169418915616, 0.08531678524172806, 0.11721022975334805, 0.16102620275609392, 0.2212216291070448, 0.3039195382313198, 0.41753189365604004, 0.5736152510448681, 0.7880462815669912, 1.0826367338740541, 1.4873521072935119, 2.0433597178569416, 2.8072162039411754, 3.856620421163472, 5.298316906283707, 7.278953843983146, 10.0]","[0.1, 0.3, 0.5, 0.7, 0.9, 1]"
WARDHA,50.586118922357215,0.2833769915539788,"[0.5204338938270104, 0.03225635050046925, -0.19158707235373665]",139.05910453745747,10.0,0.1,0,"[0.001, 0.0013738237958832624, 0.0018873918221350976, 0.002592943797404667, 0.003562247890262444, 0.004893900918477494, 0.006723357536499335, 0.009236708571873866, 0.01268961003167922, 0.017433288221999882, 0.02395026619987486, 0.03290344562312668, 0.04520353656360243, 0.06210169418915616, 0.08531678524172806, 0.11721022975334805, 0.16102620275609392, 0.2212216291070448, 0.3039195382313198, 0.41753189365604004, 0.5736152510448681, 0.7880462815669912, 1.0826367338740541, 1.4873521072935119, 2.0433597178569416, 2.8072162039411754, 3.856620421163472, 5.298316906283707, 7.278953843983146, 10.0]","[0.1, 0.3, 0.5, 0.7, 0.9, 1]"
WASHIM,21.172194845086405,0.2930144815965591,"[0.4380028669271157, 0.04958345982113687, 0.07600621538700894]",52.99298649091874,10.0,0.1,0,"[0.001, 0.0013738237958832624, 0.0018873918221350976, 0.002592943797404667, 0.003562247890262444, 0.004893900918477494, 0.006723357536499335, 0.009236708571873866, 0.01268961003167922, 0.017433288221999882, 0.02395026619987486, 0.03290344562312668, 0.04520353656360243, 0.06210169418915616, 0.08531678524172806, 0.11721022975334805, 0.16102620275609392, 0.2212216291070448, 0.3039195382313198, 0.41753189365604004, 0.5736152510448681, 0.7880462815669912, 1.0826367338740541, 1.4873521072935119, 2.0433597178569416, 2.8072162039411754, 3.856620421163472, 5.298316906283707, 7.278953843983146, 10.0]","[0.1, 0.3, 0.5, 0.7, 0.9, 1]"
YAVATMAL,24.9574125447002,0.49876811204328053,"[0.6929643538660638, -0.043487112206286926, 0.09576953219793895]",52.47281673157539,10.0,1.0,0,"[0.001, 0.0013738237958832624, 0.0018873918221350976, 0.002592943797404667, 0.003562247890262444, 0.004893900918477494, 0.006723357536499335, 0.009236708571873866, 0.01268961003167922, 0.017433288221999882, 0.02395026619987486, 0.03290344562312668, 0.04520353656360243, 0.06210169418915616, 0.08531678524172806, 0.11721022975334805, 0.16102620275609392, 0.2212216291070448, 0.3039195382313198, 0.41753189365604004, 0.5736152510448681, 0.7880462815669912, 1.0826367338740541, 1.4873521072935119, 2.0433597178569416, 2.8072162039411754, 3.856620421163472, 5.298316906283707, 7.278953843983146, 10.0]","[0.1, 0.3, 0.5, 0.7, 0.9, 1]"
MUMBAI SUBURBAN,124.17900705607967,0.4135195693535402,"[0.2547172608036635, -0.3468560236332278, -0.5390323144694158]",1319.914088390564,10.0,0.1,0,"[0.001, 0.0013738237958832624, 0.0018873918221350976, 0.002592943797404667, 0.003562247890262444, 0.004893900918477494, 0.006723357536499335, 0.009236708571873866, 0.01268961003167922, 0.017433288221999882, 0.02395026619987486, 0.03290344562312668, 0.04520353656360243, 0.06210169418915616, 0.08531678524172806, 0.11721022975334805, 0.16102620275609392, 0.2212216291070448, 0.3039195382313198, 0.41753189365604004, 0.5736152510448681, 0.7880462815669912, 1.0826367338740541, 1.4873521072935119, 2.0433597178569416, 2.8072162039411754, 3.856620421163472, 5.298316906283707, 7.278953843983146, 10.0]","[0.1, 0.3, 0.5, 0.7, 0.9, 1]"
